Mutation_ID,Gene_ID,VAF
mut1,ENSG00000107897,0.33397259212094
mut2,ENSG00000239713,0.6837078709819966
mut3,ENSG00000136881,0.23548781471347027
mut4,ENSG00000149646,0.15911232404291048
mut5,ENSG00000005436,0.2270616133508849
mut6,ENSG00000171060,0.4561948560560004
mut7,ENSG00000198003,0.6040930216182195
mut8,ENSG00000163171,0.03567142728585623
mut9,ENSG00000149187,0.35754577709899066
mut10,ENSG00000124177,0.3358923794131429
mut11,ENSG00000101811,0.3354978769766424
mut12,ENSG00000170959,0.40001069471781514
mut13,ENSG00000105865,0.3457791230351815
mut14,ENSG00000159023,0.6331998681006528
mut15,ENSG00000168843,0.5601624460905504
mut16,ENSG00000198822,0.043898271588079026
mut17,ENSG00000137252,0.5976841149750267
mut18,ENSG00000182218,0.5338817841068468
mut19,ENSG00000197451,0.6195142815651975
mut20,ENSG00000149428,0.388272070246419
mut21,ENSG00000198001,0.365074259167903
mut22,ENSG00000151655,0.12118440068169303
mut23,ENSG00000123104,0.023657227515907917
mut24,ENSG00000112769,0.0024491732471642155
mut25,ENSG00000136141,0.1013249311855096
mut26,ENSG00000198799,0.4007689377270874
mut27,ENSG00000132561,0.4547500576817547
mut28,ENSG00000170782,0.654815057044664
mut29,ENSG00000183310,0.24384168315860724
mut30,ENSG00000124587,0.2793977730863745
mut31,ENSG00000121879,0.2908223343790407
mut32,ENSG00000168495,0.12298985331089043
mut33,ENSG00000204619,0.5311869293968391
mut34,ENSG00000165996,0.6739977395557403
mut35,ENSG00000164188,0.5777300113113071
mut36,ENSG00000140983,0.2322815776572341
mut37,ENSG00000138623,0.10107786856246892
mut38,ENSG00000173517,0.6278395180937919
mut39,ENSG00000081800,0.22517290880990667
mut40,ENSG00000159210,0.5729945777585157
mut41,ENSG00000080603,0.03660816633563706
mut42,ENSG00000097096,0.109664878739976
mut43,ENSG00000005108,0.26014708950740106
mut44,ENSG00000105289,0.14181718295431328
mut45,ENSG00000141510,0.25400509382247466
mut46,ENSG00000182400,0.16008812521912602
mut47,ENSG00000144357,0.27950816666203343
mut48,ENSG00000130544,0.19986194698770984
